WEIGHT(N),HEIGHT(mm),HEAD CIRCUMFERENCE(mm),SHOULDER BREADTH(mm),HAND LENGTH(mm),CHEST CIRCUMFERENCE(mm),WAIST CIRCUMFERENCE(mm),SLEEVE LENGTH(mm),AGE (months)
256,1278,505,298,138,602,553,352,120
282,1304,526,344,142,635,567,338,120
286,1304,504,317,142,628,565,351.5,120
279,1319,519,324,148,624,555,349.5,120
294,1346,542,332,154,680,571,353,120
270,1349,525,300,144,594,545,380.5,120
351,1363,528,358,150,734,611,352.5,120
304,1365,512,317,147,639,556,377,120
278,1366,534,305,146,605,539,384.5,120
365,1415,532,353,144,672,608,387,120
327,1415,529,341,160,677,554,377,120
365,1436,535,353,165,715,575,376.5,120
390,1448,509,353,159,712,643,388.5,120
407,1452,539,362,153,715,675,392,120
264,1323,538,319,132,642,548,370,121
402,1362,529,369,149,754,685,347.5,121
414,1398,534,361,146,759,697,372.5,121
284,1413,517,322,156,640,577,389.5,121
334,1442,508,342,160,657,606,390,121
250,1338,496,294,147,606,535,375,122
281,1363,522,314,152,631,553,372.5,122
262,1367,550,300,145,629,539,388.5,122
298,1368,542,324,149,652,558,373,122
329,1391,520,337,155,679,570,372,122
309,1441,534,325,156,675,596,402,122
334,1443,541,329,158,653,586,399,122
366,1476,527,359,159,699,625,399.5,122
388,1521,534,354,160,722,625,423.5,122
426,1533,568,354,171,729,651,418.5,122
254,1329,511,293,142,604,540,376,123
383,1358,551,350,165,770,662,339,123
311,1363,512,322,149,665,613,371.5,123
307,1386,556,341,157,693,544,365.5,123
311,1394,522,343,148,667,565,377.5,123
337,1441,517,321,158,632,548,402,123
400,1306,520,367,141,839,793,328.5,124
341,1331,533,321,150,705,689,355,124
301,1339,537,305,136,672,558,381,124
318,1340,530,329,142,714,602,363.5,124
468,1347,517,340,144,706,682,359.5,124
293,1368,511,323,144,664,563,378.5,124
320,1368,513,352,153,659,610,355,124
326,1376,529,321,157,641,591,370.5,124
323,1381,517,332,149,688,567,375.5,124
449,1381,561,376,148,817,832,354.5,124
388,1400,533,378,158,715,657,353,124
481,1429,550,387,152,770,757,369,124
335,1440,541,322,159,688,595,400,124
355,1440,535,359,156,709,639,384.5,124
338,1486,536,334,156,659,594,420,124
449,1548,552,357,162,736,666,433.5,124
277,1306,508,332,150,646,565,337,125
295,1381,541,308,154,631,512,382.5,125
290,1396,532,307,155,634,560,389.5,125
352,1406,527,333,148,693,653,388.5,125
282,1411,522,325,144,640,559,399,125
386,1420,541,357,162,728,680,369.5,125
448,1460,549,379,162,757,695,378.5,125
470,1462,538,376,164,774,679,379,125
483,1559,550,369,169,785,709,426,125
286,1374,510,322,135,639,516,391,126
315,1382,541,324,146,670,604,383,126
341,1423,544,349,152,720,641,385,126
429,1436,543,356,154,746,665,386,126
592,1449,559,396,162,831,873,364.5,126
391,1470,542,368,165,709,665,386,126
449,1485,555,352,153,764,747,413.5,126
303,1315,563,329,141,654,593,352,127
311,1322,540,328,138,660,629,359,127
316,1351,538,325,147,674,590,366,127
321,1387,529,340,147,686,569,376.5,127
316,1416,532,433,150,651,597,341.5,127
344,1421,534,327,156,643,639,391,127
370,1427,535,343,151,691,652,391,127
341,1444,517,329,156,655,601,401.5,127
268,1307,528,307,148,630,533,352,128
344,1347,536,337,148,695,588,357,128
269,1364,526,296,144,641,527,390,128
313,1385,526,320,158,648,593,374.5,128
316,1398,506,327,154,633,550,381.5,128
306,1401,545,335,155,667,556,378,128
365,1434,545,350,143,691,591,399,128
429,1438,541,360,155,747,721,384,128
514,1464,529,406,166,841,833,363,128
448,1477,543,385,152,803,690,394,128
324,1331,528,354,143,742,596,345.5,129
315,1389,536,321,149,715,595,385,129
288,1395,504,322,147,636,548,389.5,129
375,1400,552,337,147,689,615,384.5,129
351,1404,521,332,150,693,625,386,129
363,1431,532,345,150,725,625,393,129
369,1433,522,346,162,700,655,381.5,129
370,1434,529,341,161,718,675,385.5,129
321,1437,541,312,152,637,596,410.5,129
358,1443,546,342,157,652,617,393.5,129
320,1457,531,355,155,660,593,396,129
505,1463,556,410,168,835,812,358.5,129
338,1478,531,324,154,681,616,423,129
488,1530,566,398,167,798,696,399,129
317,1363,542,297,164,645,591,369,130
302,1369,516,326,136,633,564,385.5,130
410,1374,529,342,141,727,743,375,130
383,1385,534,337,159,704,629,365,130
268,1396,519,318,144,642,506,395,130
287,1405,526,320,157,648,570,385.5,130
322,1410,548,332,152,677,574,387,130
447,1415,547,381,168,785,758,349,130
329,1424,551,338,170,674,563,373,130
317,1426,519,319,153,663,580,400.5,130
327,1437,516,322,158,677,593,399.5,130
441,1450,553,370,162,763,725,378,130
579,1458,544,399,152,881,886,377.5,130
461,1476,533,377,167,773,750,382.5,130
468,1496,575,374,174,768,746,387,130
263,1322,517,309,137,640,507,369.5,131
298,1398,510,330,142,676,564,392,131
342,1406,517,348,153,723,602,376,131
400,1414,512,354,152,732,664,378,131
335,1429,526,323,149,636,609,404,131
418,1442,547,353,163,754,646,381.5,131
295,1442,531,302,159,624,550,411,131
407,1449,525,362,159,734,670,384.5,131
450,1479,567,364,160,759,740,397.5,131
427,1485,541,364,156,757,703,404.5,131
324,1375,545,334,156,676,614,364.5,132
294,1378,552,327,154,658,572,371.5,132
305,1407,527,309,150,641,570,399,132
409,1407,566,358,148,736,692,376.5,132
348,1412,536,349,157,709,631,374.5,132
305,1416,532,311,160,631,572,392.5,132
433,1460,532,353,168,753,690,385.5,132
504,1509,557,389,175,806,758,385,132
380,1533,537,346,172,714,597,421.5,132
483,1536,539,379,167,792,737,411.5,132
415,1546,552,370,173,746,632,415,132
320,1411,550,313,163,652,603,386,133
325,1421,526,321,155,673,608,395,133
367,1450,522,346,157,714,603,395,133
365,1462,528,351,161,706,622,394.5,133
424,1531,529,365,167,735,663,416,133
277,1345,525,296,149,593,524,375.5,134
285,1345,509,302,135,665,538,386.5,134
274,1387,523,306,154,611,551,386.5,134
363,1389,535,334,145,724,612,382.5,134
335,1390,523,327,155,664,617,376.5,134
296,1398,530,327,145,667,529,390.5,134
283,1400,520,323,139,613,560,399.5,134
358,1400,535,340,154,707,620,376,134
377,1410,544,340,150,664,611,385,134
362,1419,548,331,156,710,594,388,134
321,1426,521,329,144,683,563,404.5,134
348,1426,535,340,159,691,619,384,134
402,1443,547,377,165,750,651,368,134
564,1453,559,396,171,872,868,357.5,134
441,1484,533,392,169,788,752,377,134
367,1511,518,323,164,707,608,430,134
324,1320,542,353,147,724,654,336.5,135
312,1341,546,331,150,669,596,355,135
301,1351,516,327,145,766,572,367,135
309,1356,530,323,152,638,562,364.5,135
344,1381,520,333,157,669,594,367,135
336,1407,544,328,152,694,583,387.5,135
320,1407,520,341,140,678,585,393,135
442,1409,540,360,144,765,751,380.5,135
385,1419,552,364,165,734,671,362.5,135
353,1429,526,358,154,690,649,381.5,135
328,1435,522,323,153,671,591,403,135
392,1473,528,343,156,682,635,409,135
367,1481,538,348,159,723,604,407.5,135
315,1489,528,326,169,633,565,412.5,135
332,1498,534,290,154,668,614,450,135
490,1602,566,390,181,809,684,425,135
332,1361,519,331,150,644,570,365,136
298,1363,555,321,156,664,568,365,136
306,1370,517,320,153,658,553,372,136
300,1385,511,339,150,665,554,373,136
414,1406,551,373,164,725,687,352.5,136
332,1407,542,345,157,700,609,374,136
306,1414,556,321,143,642,564,403.5,136
395,1422,550,373,150,724,635,374.5,136
324,1434,515,340,162,687,542,385,136
384,1462,525,347,165,703,624,392.5,136
443,1467,550,369,170,803,685,379,136
388,1480,539,355,157,706,644,405.5,136
404,1492,527,352,168,753,651,402,136
645,1545,559,422,179,884,852,382.5,136
275,1338,514,313,150,625,564,362.5,137
329,1368,559,327,151,678,592,369.5,137
328,1376,538,330,146,684,623,377,137
448,1378,551,379,159,823,739,340.5,137
297,1378,512,328,142,680,572,383,137
291,1402,504,332,150,664,554,385,137
319,1437,523,321,159,654,571,399,137
417,1445,532,345,164,740,696,386,137
383,1451,552,353,156,703,603,393,137
525,1484,537,387,164,799,797,384.5,137
386,1484,551,360,169,688,611,393,137
431,1486,552,353,168,732,706,398.5,137
490,1498,575,389,169,783,698,385.5,137
379,1506,528,346,156,706,622,424,137
281,1334,528,325,145,645,584,359.5,138
307,1334,515,332,140,664,574,361,138
287,1382,513,310,159,646,551,377,138
354,1383,532,333,159,584,632,366,138
342,1411,525,319,151,664,608,395,138
353,1411,561,335,159,670,588,379,138
546,1411,561,398,155,866,831,351.5,138
324,1442,522,349,156,683,584,390.5,138
447,1444,542,355,157,748,675,387.5,138
457,1448,535,373,154,789,729,383.5,138
344,1452,532,339,143,660,625,413.5,138
383,1463,564,356,152,718,695,401.5,138
323,1467,525,328,158,687,622,411.5,138
348,1470,541,340,162,707,600,403,138
342,1472,529,330,157,692,586,414,138
341,1369,509,331,147,701,615,372,139
416,1378,504,356,150,772,735,361,139
311,1426,523,314,159,655,547,397,139
345,1436,553,345,144,699,598,401.5,139
352,1445,548,317,162,668,630,402,139
390,1466,577,350,173,727,649,385,139
487,1516,545,406,167,799,732,388,139
455,1525,540,375,172,760,715,403,139
427,1531,529,353,159,688,613,430,139
445,1538,550,351,181,774,684,412.5,139
356,1439,547,337,155,716,567,396,140
366,1455,539,324,156,687,615,409.5,140
358,1460,556,332,161,682,603,403,140
410,1470,546,373,161,726,641,387.5,140
328,1481,507,324,157,638,597,421.5,140
434,1485,552,358,160,767,662,403.5,140
392,1487,548,394,166,728,620,380.5,140
370,1488,533,338,160,691,638,415,140
511,1518,535,373,174,758,684,398.5,140
451,1549,529,365,168,735,680,424,140
600,1603,528,398,174,827,781,428.5,140
357,1399,548,337,154,678,582,377,141
439,1438,529,395,156,774,716,365.5,141
340,1468,530,349,158,668,602,401.5,141
351,1468,523,344,168,683,620,394,141
412,1475,531,357,169,714,673,390,141
390,1481,547,360,163,730,624,397.5,141
334,1487,541,334,161,654,588,415.5,141
533,1628,557,404,185,861,697,427,141
322,1387,528,316,144,660,582,391.5,142
342,1390,538,326,158,687,593,374,142
313,1405,497,327,151,687,584,388,142
293,1417,513,300,158,639,539,400.5,142
350,1431,524,354,160,690,599,378.5,142
366,1450,541,359,165,701,616,380.5,142
344,1452,531,352,161,684,595,389,142
471,1457,539,366,159,791,745,386.5,142
391,1461,516,349,156,727,670,400,142
360,1468,557,341,157,656,605,406.5,142
344,1487,534,342,156,682,595,416.5,142
347,1490,522,347,175,690,572,396.5,142
352,1506,523,349,167,671,594,411.5,142
350,1532,535,352,153,684,594,437,142
406,1546,569,344,167,735,623,434,142
600,1634,555,407,175,810,778,438.5,142
778,1674,581,421,188,899,946,438.5,142
292,1328,507,312,145,660,605,363,143
315,1375,540,317,142,654,606,387,143
379,1399,557,364,154,758,630,363.5,143
353,1404,522,346,149,711,654,380,143
278,1406,516,306,137,675,530,413,143
356,1478,533,342,155,693,578,413,143
406,1482,517,342,170,684,650,400,143
377,1497,540,356,168,685,612,402.5,143
443,1506,530,364,168,728,707,403,143
548,1521,549,392,173,813,777,391.5,143
544,1694,591,400,196,801,665,451,143
279,1386,515,315,153,615,562,382.5,144
326,1444,517,336,151,669,547,403,144
464,1454,541,383,158,819,771,377.5,144
451,1472,529,361,158,720,657,397.5,144
354,1486,526,340,160,685,580,413,144
396,1494,543,356,168,754,602,401,144
372,1495,548,345,170,698,626,405,144
427,1511,548,358,168,717,657,408.5,144
474,1534,535,384,173,764,718,402,144
382,1548,554,345,172,728,664,429.5,144
291,1399,566,310,158,681,560,386.5,145
409,1408,548,358,159,765,669,366,145
381,1414,521,338,145,713,691,393,145
370,1453,518,345,154,705,653,400,145
436,1473,547,372,168,758,707,382.5,145
422,1476,531,361,172,733,661,385.5,145
436,1480,567,374,180,773,637,373,145
406,1480,542,347,166,721,633,400.5,145
382,1515,557,326,171,691,620,423.5,145
368,1541,518,346,164,701,580,433.5,145
374,1542,546,353,167,688,622,427.5,145
322,1359,507,339,155,661,614,355,146
354,1423,539,343,159,700,615,381,146
318,1428,520,324,163,659,615,389,146
394,1429,537,348,154,710,673,386.5,146
436,1474,525,377,159,758,642,389.5,146
406,1490,539,363,175,754,646,388.5,146
469,1500,521,368,162,740,739,404,146
350,1516,518,357,169,698,618,410.5,146
563,1543,552,393,169,868,903,406,146
432,1546,542,357,168,773,639,426.5,146
441,1553,552,381,169,742,642,417,146
440,1589,540,380,175,757,636,429.5,146
579,1598,543,389,175,797,743,429.5,146
512,1605,553,357,178,791,699,446,146
311,1388,524,308,155,672,573,385,147
342,1392,513,337,151,718,602,376.5,147
350,1412,526,338,159,702,589,378,147
309,1421,526,309,154,649,581,402,147
357,1428,548,364,159,722,639,373,147
345,1436,519,336,153,686,610,397,147
331,1500,534,336,177,672,589,405,147
372,1516,541,341,167,711,618,420.5,147
400,1516,537,352,166,713,628,416,147
465,1523,543,366,165,746,746,413.5,147
416,1526,548,366,173,738,676,407,147
389,1583,532,335,167,689,603,457,147
429,1588,533,366,167,730,678,444,147
471,1617,541,378,177,760,694,442.5,147
686,1724,584,406,200,904,813,459,147
342,1401,535,331,155,681,591,380,148
312,1422,526,338,157,714,586,385,148
359,1453,539,335,152,703,616,407,148
342,1453,533,331,165,654,622,396,148
359,1463,530,364,153,713,611,396.5,148
375,1468,548,345,165,687,612,396.5,148
398,1492,550,352,159,730,644,411,148
334,1496,545,353,161,683,589,410.5,148
357,1511,538,347,154,703,636,428,148
391,1527,560,358,162,694,645,422.5,148
431,1537,536,359,167,730,678,422,148
408,1541,523,358,164,723,609,427.5,148
540,1556,574,367,180,777,730,414.5,148
406,1577,546,340,160,717,641,458.5,148
487,1578,575,369,172,799,738,432.5,148
472,1599,550,370,155,721,671,459.5,148
505,1623,535,383,168,771,681,452,148
473,1654,557,399,174,741,698,453.5,148
311,1405,528,342,161,683,578,370.5,149
434,1413,529,362,153,756,712,372.5,149
350,1414,536,322,152,696,608,394,149
365,1433,525,349,165,717,628,377,149
319,1434,543,329,147,663,546,405.5,149
438,1464,549,374,161,761,644,384,149
435,1471,522,359,154,731,674,402,149
471,1512,550,370,173,774,695,398,149
428,1528,522,362,166,731,654,417,149
458,1571,514,369,171,755,671,430,149
446,1590,546,373,172,776,692,436.5,149
431,1595,552,363,181,781,668,435,149
471,1600,535,379,161,779,637,449.5,149
555,1617,565,384,174,827,702,442.5,149
326,1364,535,349,149,683,618,358.5,150
378,1463,534,355,162,717,637,392,150
355,1470,534,320,155,711,588,420,150
447,1487,566,363,164,743,659,398,150
341,1500,531,338,162,670,570,419,150
469,1529,548,369,172,765,684,408,150
463,1554,549,360,167,745,709,430,150
534,1580,570,398,168,830,778,423,150
546,1588,535,389,170,788,732,429.5,150
470,1432,541,367,162,771,772,370.5,151
388,1432,535,363,162,738,616,372.5,151
431,1442,539,346,156,772,683,392,151
340,1443,524,363,163,686,616,377,151
411,1477,562,364,161,737,637,395.5,151
519,1515,526,386,159,777,818,405.5,151
428,1517,531,377,176,740,623,394,151
515,1524,538,371,169,817,750,407.5,151
434,1532,527,356,170,765,665,418,151
379,1541,546,355,166,694,597,427,151
462,1541,534,373,165,766,678,419,151
405,1545,535,351,176,787,655,421,151
565,1594,530,396,181,772,813,418,151
451,1595,538,373,168,786,635,443,151
448,1596,556,366,180,757,690,435,151
506,1608,555,372,175,774,692,443,151
571,1693,539,405,188,813,707,456,151
391,1387,520,331,152,714,660,376,152
318,1413,520,336,154,666,567,384.5,152
337,1456,517,352,150,679,586,402,152
468,1510,532,373,153,764,721,415.5,152
447,1515,499,360,160,761,697,417.5,152
573,1515,553,408,165,898,881,388.5,152
387,1519,532,358,164,738,593,416.5,152
437,1524,563,344,168,720,640,422,152
452,1542,529,378,178,769,668,404,152
516,1604,555,383,175,774,691,435.5,152
738,1798,573,400,195,874,775,504,152
302,1434,540,323,160,634,586,395.5,153
413,1468,539,363,162,752,666,390.5,153
346,1475,528,350,158,696,570,404.5,153
429,1499,568,375,171,761,668,391,153
413,1550,516,380,186,751,624,399,153
460,1553,551,388,172,810,673,410.5,153
479,1570,565,387,168,807,710,423.5,153
492,1577,545,403,193,831,699,394,153
418,1588,547,341,167,692,635,456.5,153
416,1619,578,366,184,754,632,442.5,153
444,1627,539,365,176,742,661,455,153
668,1670,558,405,181,851,794,451.5,153
588,1681,548,391,182,803,794,463,153
538,1703,581,376,185,796,696,478.5,153
339,1417,522,345,154,680,594,382,154
367,1438,526,334,160,691,617,392,154
368,1480,547,344,159,711,625,409,154
350,1499,550,349,155,678,584,420,154
419,1540,542,363,165,735,682,423.5,154
470,1556,544,363,168,767,669,428.5,154
440,1560,524,382,176,753,634,413,154
307,1375,537,330,155,669,564,367.5,155
353,1436,571,335,147,679,645,403.5,155
406,1470,540,349,168,739,618,392.5,155
360,1479,520,345,148,724,570,419,155
336,1482,534,310,161,651,572,425,155
368,1497,510,360,159,701,611,409.5,155
439,1513,526,370,172,775,658,399.5,155
461,1529,544,366,173,753,664,408.5,155
405,1556,531,385,175,750,598,410.5,155
618,1566,533,417,172,877,879,402.5,155
588,1589,564,397,174,813,829,422,155
558,1591,538,381,164,766,758,441,155
444,1593,546,361,176,755,627,440,155
664,1622,552,440,172,871,867,419,155
504,1694,563,386,193,776,652,461,155
332,1428,580,350,162,672,552,377,156
423,1480,532,364,165,739,702,393,156
385,1502,545,351,151,703,620,424.5,156
405,1509,527,342,167,724,619,416.5,156
398,1524,543,339,165,735,632,427.5,156
490,1578,572,372,179,767,688,424,156
526,1603,534,378,176,839,740,436.5,156
491,1610,565,395,183,805,664,424.5,156
566,1703,553,396,194,805,720,459.5,156
626,1712,559,432,187,860,732,453,156
381,1456,526,346,157,731,675,398,157
373,1464,540,354,158,693,600,397,157
379,1465,525,375,165,748,629,380,157
382,1474,532,354,161,715,615,399,157
329,1484,521,342,171,788,553,400,157
436,1504,551,359,169,747,631,403.5,157
427,1516,546,360,151,732,659,427,157
524,1525,539,394,159,830,732,406.5,157
389,1535,546,331,164,722,605,438,157
429,1556,527,364,165,736,640,431,157
448,1566,547,372,165,761,655,432,157
520,1606,554,389,176,815,708,432.5,157
490,1636,561,381,184,763,711,443.5,157
596,1712,578,414,196,831,711,453,157
285,1388,504,324,149,689,522,383,158
376,1436,520,338,155,687,597,394,158
375,1444,512,341,145,719,623,406.5,158
343,1454,553,356,161,702,576,388,158
401,1474,547,356,161,720,623,398,158
401,1496,545,342,169,715,653,408,158
367,1508,546,341,166,702,608,417.5,158
461,1521,542,366,159,751,762,418.5,158
411,1532,552,360,164,742,625,422,158
428,1554,532,356,169,766,627,430,158
439,1604,521,353,170,711,630,455.5,158
511,1607,556,412,173,810,707,424.5,158
455,1631,578,374,186,771,657,442.5,158
585,1645,539,384,177,795,806,453.5,158
564,1691,546,411,190,835,699,450,158
359,1404,545,322,152,664,623,389,159
313,1428,565,342,161,695,555,382,159
437,1440,544,360,162,735,630,378,159
346,1447,554,344,158,698,600,393.5,159
357,1461,522,353,160,715,605,394,159
440,1466,545,365,166,784,696,384.5,159
467,1511,527,373,167,780,658,402,159
425,1535,535,374,178,740,695,402.5,159
544,1549,539,371,169,778,671,420,159
506,1553,565,364,171,815,721,423.5,159
403,1556,543,368,172,695,676,422,159
673,1730,583,450,179,872,719,461,159
465,1512,524,373,167,766,740,402.5,160
446,1526,552,362,166,817,636,416,160
472,1542,562,378,170,789,664,412,160
434,1543,526,355,176,743,654,418,160
486,1546,567,371,178,800,757,409.5,160
403,1563,542,340,173,693,591,438.5,160
582,1581,558,423,177,847,771,402,160
521,1585,552,398,181,823,727,412.5,160
418,1590,546,361,175,758,634,439.5,160
561,1621,573,408,186,851,726,420.5,160
526,1642,574,391,172,801,722,453.5,160
490,1647,519,391,184,795,721,444,160
858,1675,553,447,181,988,983,433,160
562,1705,551,407,184,853,746,465,160
372,1429,538,342,151,692,635,392.5,161
400,1460,549,365,157,773,589,390.5,161
367,1530,535,348,161,691,604,430,161
444,1544,532,353,167,726,668,428.5,161
476,1545,554,361,180,787,656,412,161
406,1548,534,348,168,688,620,432,161
400,1550,513,362,167,735,631,427,161
421,1553,548,343,161,722,636,444,161
512,1592,556,416,174,853,702,414,161
694,1646,549,423,184,930,853,427.5,161
658,1692,554,423,185,871,764,449.5,161
744,1789,569,464,196,987,812,466.5,161
410,1454,534,351,165,722,666,386.5,162
417,1503,519,351,160,711,609,416,162
464,1504,569,353,162,779,755,413.5,162
426,1506,534,352,173,746,697,404,162
449,1535,528,362,172,753,731,414.5,162
510,1556,553,410,168,777,689,405,162
481,1558,552,373,177,789,669,415.5,162
404,1564,554,338,155,703,598,458,162
454,1575,522,372,177,788,630,424.5,162
536,1590,542,413,165,787,694,423.5,162
559,1591,539,411,177,871,691,413,162
454,1629,538,361,206,743,651,428,162
631,1679,560,448,194,861,697,421.5,162
517,1691,540,394,184,778,673,464.5,162
586,1731,561,418,189,806,674,467.5,162
394,1446,528,349,152,723,621,396.5,163
381,1466,537,372,171,724,645,376,163
298,1484,547,360,174,713,622,388,163
484,1510,538,388,163,788,747,398,163
437,1523,539,355,170,745,631,414,163
449,1530,546,376,161,803,619,416,163
447,1562,554,384,164,768,671,425,163
413,1565,523,359,172,712,615,431,163
566,1599,558,385,190,761,723,417,163
484,1613,548,383,179,773,618,436,163
542,1634,553,380,182,804,672,445,163
498,1656,533,402,186,789,613,441,163
761,1693,603,477,183,934,791,425,163
558,1700,560,410,189,824,702,456,163
773,1758,547,454,185,935,848,467,163
696,1759,572,426,191,888,763,475.5,163
532,1519,572,413,181,839,783,372,164
395,1529,531,354,170,771,633,417.5,164
377,1544,550,358,169,686,603,424,164
588,1583,553,406,167,862,752,421.5,164
483,1612,538,364,175,785,706,449,164
528,1627,551,394,180,811,717,436.5,164
517,1650,564,439,191,839,680,414.5,164
518,1685,551,394,193,790,624,452.5,164
623,1708,540,398,184,862,729,471,164
433,1425,581,382,162,811,670,359.5,165
378,1493,548,336,167,731,631,411.5,165
506,1515,538,393,170,865,773,391,165
399,1525,525,371,162,733,608,415,165
426,1546,523,362,166,751,643,426,165
415,1558,550,368,173,738,635,422,165
414,1576,539,370,179,747,590,424,165
509,1578,543,383,190,791,691,407.5,165
540,1596,549,381,171,825,675,436.5,165
502,1606,520,385,184,750,662,426.5,165
571,1612,567,404,189,867,747,415,165
496,1627,562,370,182,794,676,446.5,165
594,1630,548,401,174,848,744,440.5,165
551,1649,543,388,182,834,680,448.5,165
575,1718,582,390,188,807,734,476,165
495,1506,527,386,172,785,734,388,166
491,1589,554,368,173,771,717,437.5,166
508,1618,549,396,186,785,701,425,166
522,1626,542,379,170,771,686,453.5,166
511,1650,559,404,190,823,665,433,166
536,1677,532,401,187,850,690,451,166
624,1706,558,412,190,876,783,457,166
700,1707,569,454,217,914,741,409.5,166
710,1815,577,440,203,891,717,484.5,166
390,1506,534,370,165,699,614,403,167
413,1512,507,362,157,740,645,418,167
373,1533,535,345,166,692,604,428,167
452,1542,537,365,171,824,660,417.5,167
445,1553,526,369,165,799,676,427,167
488,1565,559,393,194,830,649,392,167
409,1583,573,351,172,688,613,444,167
602,1682,559,400,187,867,760,454,167
553,1683,539,408,195,779,663,442.5,167
508,1715,552,390,189,812,664,473.5,167
517,1723,535,381,181,787,664,490,167
435,1526,530,359,158,743,679,425.5,168
421,1533,538,371,168,748,651,413,168
431,1569,551,402,168,787,599,415.5,168
434,1598,545,353,192,726,640,430.5,168
434,1622,526,374,177,754,634,447,168
692,1732,579,426,195,852,792,458,168
390,1444,513,357,163,730,686,380.5,169
435,1476,559,369,149,734,709,404.5,169
405,1516,532,366,166,732,646,409,169
601,1564,554,417,177,881,863,396.5,169
547,1598,545,385,171,870,715,435.5,169
557,1604,567,407,171,802,768,427.5,169
486,1645,523,383,172,781,663,459,169
638,1686,582,446,200,904,715,420,169
684,1755,585,428,185,887,775,478.5,169
676,1832,580,411,192,875,790,518.5,169
436,1533,516,391,167,756,671,404,170
472,1590,557,376,180,746,684,427,170
711,1592,572,434,167,926,897,412,170
520,1605,549,381,193,796,656,419,170
533,1631,518,414,182,821,677,426.5,170
677,1632,558,443,187,924,849,407.5,170
479,1639,533,390,193,800,642,431.5,170
488,1644,541,382,175,788,655,456,170
702,1691,567,399,177,933,909,469,170
584,1711,577,433,196,823,665,443,170
546,1738,561,379,182,820,708,497.5,170
697,1743,563,427,194,915,804,464,170
548,1757,544,415,193,756,645,478,170
570,1784,563,389,189,821,672,508.5,170
316,1388,504,344,150,690,587,372,171
583,1538,537,414,165,864,851,397,171
488,1606,528,380,188,750,659,425,171
586,1619,535,432,190,901,764,403.5,171
430,1622,521,400,171,735,585,440,171
542,1653,543,389,190,807,695,442,171
604,1673,566,423,186,875,712,439,171
690,1681,598,432,194,927,876,430.5,171
474,1682,539,412,191,786,651,444,171
508,1682,553,409,178,811,680,458.5,171
651,1698,542,395,183,877,821,468.5,171
527,1700,532,410,186,754,702,459,171
587,1716,573,408,186,854,703,468,171
601,1724,571,400,182,825,697,480,171
596,1734,567,422,184,843,688,472,171
638,1766,557,425,191,877,769,479.5,171
466,1524,578,333,173,693,614,422.5,172
395,1546,531,358,164,706,615,430,172
392,1546,543,353,177,746,602,419.5,172
478,1552,552,365,177,747,661,416.5,172
493,1559,543,386,176,793,633,410.5,172
544,1560,542,414,172,850,718,401,172
433,1579,514,370,165,727,620,439.5,172
490,1585,531,386,177,833,692,422.5,172
488,1595,564,369,165,761,667,448,172
548,1607,546,399,172,852,685,432,172
609,1624,586,424,175,872,708,425,172
596,1660,552,405,186,868,732,441.5,172
524,1661,545,379,184,838,665,457,172
513,1682,550,407,192,838,697,445.5,172
670,1725,579,423,184,894,710,467,172
579,1756,549,414,201,874,691,470,172
355,1456,533,344,158,698,608,398,173
353,1479,505,361,171,715,582,388,173
457,1497,527,380,162,598,694,396.5,173
444,1515,536,346,179,762,706,405.5,173
419,1531,538,360,171,747,610,414.5,173
660,1562,553,414,169,939,895,405,173
419,1587,542,362,179,728,622,433.5,173
468,1591,543,387,173,788,668,429,173
527,1628,535,393,176,773,671,441.5,173
483,1653,553,379,181,802,722,456,173
542,1673,547,388,180,800,670,462.5,173
548,1687,552,416,181,841,688,454.5,173
732,1696,564,450,191,918,825,432,173
577,1744,545,395,189,835,748,485.5,173
391,1464,524,356,160,773,632,394,174
432,1528,566,363,166,736,676,416.5,174
449,1580,559,378,172,714,665,429,174
504,1598,532,385,173,782,670,433.5,174
534,1623,560,392,183,823,694,432.5,174
611,1624,564,424,177,897,756,423,174
540,1653,547,390,174,834,705,457.5,174
644,1679,555,413,186,899,741,447,174
735,1690,553,439,199,934,881,426.5,174
715,1695,579,401,172,923,818,475,174
661,1700,566,452,189,950,895,435,174
398,1460,539,358,163,733,647,388,175
449,1549,555,358,172,758,664,423.5,175
455,1553,529,370,175,798,665,416.5,175
563,1577,550,414,170,867,798,411.5,175
540,1625,560,382,182,809,672,439.5,175
495,1628,556,396,179,803,639,437,175
610,1629,547,425,193,883,710,409,175
540,1631,569,398,170,810,691,446.5,175
526,1641,543,373,194,748,707,440,175
465,1644,577,364,181,756,610,459,175
708,1644,542,432,185,915,863,421,175
526,1655,550,399,180,788,665,448,175
518,1674,542,392,178,804,681,463,175
618,1721,532,415,186,862,716,467,175
634,1737,578,437,181,899,778,469,175
656,1738,545,424,188,879,742,469,175
402,1487,524,358,159,729,616,405.5,176
356,1496,541,348,179,710,597,395,176
439,1560,542,369,175,759,662,420.5,176
468,1575,522,365,163,790,671,442,176
534,1613,571,387,174,805,699,439,176
457,1624,517,365,175,725,634,454.5,176
460,1631,546,361,179,745,663,456,176
508,1635,546,380,183,781,687,444.5,176
507,1637,564,424,190,853,705,416.5,176
516,1637,529,394,183,822,691,438.5,176
715,1655,559,420,182,902,834,435.5,176
552,1668,562,399,183,855,686,451.5,176
543,1713,521,401,187,836,680,469,176
715,1846,568,450,195,888,760,503,176
380,1485,536,348,156,741,603,412.5,177
390,1497,532,365,166,751,623,400,177
401,1518,524,359,167,740,621,412.5,177
373,1520,529,358,166,725,631,415,177
448,1546,537,382,171,747,631,411,177
392,1558,548,368,173,752,589,422,177
503,1570,556,383,179,860,694,414.5,177
451,1591,548,386,184,764,618,418.5,177
530,1669,553,403,192,795,697,441,177
573,1702,549,403,174,897,661,475.5,177
691,1727,564,441,193,903,771,450,177
571,1734,562,381,186,796,684,490.5,177
812,1768,592,453,195,957,873,462.5,177
405,1552,525,361,164,771,656,431.5,178
587,1583,579,398,163,855,775,429.5,178
490,1628,581,365,184,789,640,447.5,178
510,1689,539,396,186,783,653,460.5,178
594,1692,578,426,176,833,708,457,178
655,1719,554,446,198,870,704,438.5,178
695,1761,555,448,190,892,734,466.5,178
745,1780,579,466,198,966,808,459,178
506,1542,548,398,186,828,664,386,179
475,1588,539,374,163,759,692,444,179
474,1640,546,390,180,760,658,445,179
607,1663,558,404,192,854,738,437.5,179
599,1665,562,415,178,863,736,447,179
723,1672,585,430,182,910,845,439,179
628,1696,563,431,185,870,859,447.5,179
671,1741,572,447,183,892,741,464,179
712,1744,565,433,202,853,766,453.5,179
548,1746,579,410,183,849,651,485,179
620,1760,561,432,186,844,715,478,179
754,1867,576,448,190,943,713,519.5,179
567,1596,550,387,172,807,716,432.5,180
517,1645,607,406,194,836,671,425.5,180
533,1662,557,396,196,819,650,437,180
543,1680,569,397,187,823,702,454.5,180
641,1689,579,419,189,898,752,446,180
854,1696,544,467,184,998,946,430.5,180
674,1701,574,429,190,908,750,446,180
643,1736,548,423,184,904,734,472.5,180
618,1746,553,429,194,907,703,464.5,180
588,1763,563,420,183,838,686,488.5,180
645,1764,561,440,185,895,798,477,180
603,1793,527,414,190,838,662,499.5,180
521,1587,547,400,176,811,710,417.5,181
506,1632,549,389,189,809,682,432.5,181
796,1708,565,435,192,910,805,444.5,181
637,1717,534,409,178,838,768,476,181
499,1722,556,386,179,773,631,489,181
583,1791,545,409,194,834,671,497,181
515,1651,553,403,182,805,649,442,182
576,1669,557,398,180,868,727,455.5,182
556,1673,562,394,188,841,708,451.5,182
621,1686,540,398,193,857,802,451,182
618,1695,558,440,197,941,720,430.5,182
557,1702,572,415,171,844,683,472.5,182
601,1747,561,406,190,834,728,480.5,182
655,1774,574,424,204,872,707,471,182
625,1776,549,445,185,875,747,480.5,182
693,1811,551,415,200,870,753,498,182
535,1814,535,411,196,845,658,505.5,182
431,1549,539,393,169,787,578,409,183
425,1595,541,380,178,751,666,429.5,183
496,1632,525,395,179,788,666,439.5,183
557,1671,578,380,182,790,697,463.5,183
635,1673,556,416,177,864,814,451.5,183
650,1679,555,447,182,886,717,434,183
600,1706,561,423,189,866,756,452.5,183
722,1746,571,465,196,933,773,444.5,183
653,1774,557,404,184,882,709,501,183
672,1807,572,467,183,980,698,487,183
418,1551,543,375,172,788,658,416,184
562,1651,561,399,188,845,705,438,184
504,1688,519,407,177,839,686,463.5,184
679,1699,557,427,190,864,804,446,184
573,1724,547,408,187,848,692,471,184
634,1743,566,409,198,880,748,469,184
776,1800,594,438,195,932,828,486,184
478,1493,551,392,176,832,664,374.5,185
585,1502,530,411,166,909,801,379.5,185
532,1603,533,427,181,852,683,407,185
658,1625,562,438,175,944,808,418.5,185
567,1707,540,404,176,814,684,475.5,185
631,1738,556,451,196,910,711,447.5,185
623,1741,548,411,195,863,745,470,185
1050,1754,581,465,183,1076,1094,461.5,185
767,1759,548,473,192,964,818,451,185
714,1836,572,446,188,879,748,507,185
478,1695,534,392,179,842,679,472.5,186
624,1705,558,396,179,862,682,475.5,186
631,1733,571,405,193,878,704,471,186
330,1473,538,355,151,692,569,408,187
568,1654,561,394,178,837,667,452,187
561,1715,565,414,179,829,711,471.5,187
679,1728,560,446,205,905,788,436,187
710,1774,580,443,192,965,807,473.5,187
741,1786,552,446,196,926,780,474,187
747,1810,555,466,196,955,772,476,187
544,1621,579,395,174,818,715,439,188
537,1655,543,393,191,823,709,440,188
601,1702,555,393,182,787,756,472.5,188
567,1764,568,402,197,828,731,484,188
790,1782,585,450,203,913,865,463,188
810,1795,584,474,185,930,911,475.5,188
801,1830,570,426,200,951,773,502,188
791,1838,572,453,198,969,792,494.5,188
565,1687,553,405,192,834,689,449,189
592,1701,573,440,183,921,691,447.5,189
628,1727,570,415,173,868,732,483,189
616,1770,554,441,191,915,674,473.5,189
655,1774,567,431,201,883,685,470.5,189
698,1806,566,431,189,939,752,498.5,189
819,1820,593,456,193,965,832,489,189
767,1854,568,428,191,906,757,522,189
714,1856,559,438,196,886,718,513,189
555,1726,573,427,182,843,673,467.5,190
601,1760,541,434,177,868,668,486,190
624,1798,518,459,186,852,693,483.5,190
696,1807,574,458,190,941,753,484.5,190
642,1852,577,428,216,838,718,496,190
721,1866,571,441,198,974,756,514.5,190
462,1517,515,390,172,794,640,391.5,191
399,1534,526,371,173,743,643,408.5,191
743,1695,565,449,199,921,832,424,191
562,1721,571,443,184,843,706,455,191
720,1747,566,449,189,911,827,460,191
662,1776,563,450,205,881,737,458,191
682,1792,590,429,191,906,734,490.5,191
749,1800,560,453,192,933,755,481.5,191
948,1883,583,467,193,1079,965,515,191
570,1700,525,392,195,826,705,459,192
621,1718,544,440,182,928,747,457,192
584,1746,566,396,190,833,702,485,192
678,1754,561,413,192,863,826,478.5,192
608,1788,582,404,195,839,688,497,192
850,1808,590,483,197,1060,854,465.5,192
712,1820,559,435,179,915,728,513.5,192
596,1632,557,414,178,865,780,431,193
518,1646,535,387,163,809,659,466.5,193
581,1674,558,382,187,873,668,459,193
614,1724,566,431,191,924,713,455.5,193
644,1728,566,402,201,878,706,462,193
530,1736,538,394,183,815,663,488,193
722,1771,559,466,194,1018,765,458.5,193
768,1791,564,483,184,971,759,470,193
661,1801,570,438,193,910,733,488.5,193
757,1818,585,456,197,902,774,484,193
797,1829,591,449,198,910,774,492,193
697,1834,575,450,193,997,742,499,193
631,1653,546,447,181,924,812,422,194
468,1668,543,392,177,784,653,461,194
686,1695,553,424,185,874,773,450.5,194
597,1695,542,389,184,823,710,469,194
556,1695,569,418,184,834,701,454.5,194
581,1723,576,416,187,843,677,466.5,194
861,1728,598,480,187,1037,895,437,194
676,1738,566,470,192,928,743,442,194
666,1740,582,434,183,906,728,470,194
690,1750,566,429,186,886,766,474.5,194
678,1763,587,447,194,909,770,464,194
652,1802,552,438,193,894,728,489,194
1066,1850,605,518,188,1123,1085,478,194
395,1500,524,367,179,751,650,387.5,195
468,1675,537,416,174,820,644,455.5,195
638,1784,576,432,185,860,685,491,195
702,1825,599,437,208,918,709,486,195
708,1831,564,449,197,938,729,494,195
712,1844,596,446,207,939,726,492,195
853,1855,573,472,204,1004,823,487.5,195
713,1734,569,475,189,958,796,440.5,196
699,1759,567,443,200,903,731,458,196
600,1784,537,400,189,822,702,503,196
552,1611,535,411,188,821,706,412,197
598,1644,563,415,180,859,687,434.5,197
448,1655,542,380,174,772,615,463.5,197
648,1684,552,456,177,911,766,437,197
641,1731,576,419,184,881,716,472,197
929,1732,597,490,195,1039,942,426,197
566,1736,551,418,183,812,675,476,197
676,1738,558,454,194,922,685,448,197
609,1743,572,436,186,930,779,467.5,197
786,1746,573,462,192,922,818,450,197
795,1755,609,506,182,957,750,442.5,197
666,1771,567,433,186,921,724,483,197
674,1801,580,438,189,945,783,492.5,197
810,1820,585,477,186,1006,814,485.5,197
739,1848,579,441,194,931,763,509.5,197
751,1650,565,475,165,955,830,422.5,198
667,1704,575,428,190,928,718,448,198
738,1730,585,465,187,949,808,445.5,198
646,1831,559,445,192,910,677,501,198
588,1637,580,415,171,893,689,440,199
662,1650,581,445,183,971,749,419.5,199
710,1734,582,426,170,872,802,484,199
674,1744,553,436,187,921,752,467,199
681,1750,568,418,184,964,741,482,199
551,1765,531,387,194,823,715,495,199
652,1790,560,442,185,924,705,489,199
756,1829,599,456,196,971,764,490.5,199
801,1868,536,475,196,922,755,500.5,199
635,1697,543,405,187,875,772,459,200
707,1753,576,451,190,946,790,461,200
659,1761,564,428,202,935,759,464.5,200
640,1768,560,449,196,865,890,463.5,200
719,1820,567,461,191,976,797,488.5,200
643,1826,561,424,194,853,692,507,200
662,1832,580,438,201,884,717,496,200
557,1705,564,403,181,834,676,470,201
613,1712,557,403,172,868,702,482.5,201
532,1716,541,417,165,818,660,484.5,201
811,1727,567,481,196,957,913,427,201
622,1744,553,437,184,896,722,469.5,201
648,1744,563,422,184,876,725,477,201
603,1757,568,419,198,885,693,471,201
742,1762,572,459,184,962,810,467.5,201
642,1768,578,441,194,911,753,469.5,201
857,1791,612,484,205,1048,828,448.5,201
700,1819,577,450,199,898,761,485.5,201
558,1693,544,435,182,903,668,447,202
505,1695,541,383,173,789,682,483,202
649,1711,563,426,184,909,751,458.5,202
620,1718,568,415,198,861,714,453.5,202
747,1770,566,448,196,939,755,465,202
676,1776,569,426,197,920,766,478,202
654,1792,576,419,192,880,733,494.5,202
707,1808,579,434,189,912,765,498,202
548,1622,535,425,175,845,695,423.5,203
540,1684,530,414,177,867,679,458,203
560,1685,557,376,179,831,692,475.5,203
580,1718,558,423,182,878,686,465.5,203
639,1720,578,452,181,920,749,453,203
686,1743,580,452,188,963,741,457.5,203
724,1778,571,442,178,949,818,490,203
673,1778,573,442,197,948,751,471,203
964,1831,588,517,198,1054,985,459,203
892,1844,581,467,196,962,903,492.5,203
1062,1848,603,516,186,1111,1063,480,203
597,1672,545,426,181,925,728,442,204
698,1743,556,421,193,911,827,468,204
630,1751,562,429,192,865,683,469,204
599,1763,571,428,180,859,693,487.5,204
720,1778,576,447,182,881,733,483.5,204
668,1786,560,444,201,896,751,470,204
691,1787,512,461,190,859,687,473,204
642,1800,560,426,203,842,708,484,204
696,1803,553,458,184,951,778,488.5,204
758,1803,559,448,200,948,806,477.5,204
649,1816,550,463,191,984,724,485.5,204
835,1841,578,462,199,977,815,490.5,204
632,1669,545,429,180,874,729,440,205
468,1672,512,388,185,805,635,457,205
704,1675,576,427,181,961,771,443,205
674,1683,582,456,174,920,762,439.5,205
682,1699,548,429,182,911,765,453,205
615,1709,557,424,182,916,737,460.5,205
638,1725,560,414,178,891,764,477.5,205
753,1771,586,458,198,960,780,458.5,205
746,1813,576,498,197,1000,774,460.5,205
772,1896,591,444,217,939,752,509,205
553,1679,562,445,183,890,704,434,206
644,1693,582,428,179,881,753,453.5,206
660,1719,571,445,181,898,762,456,206
600,1757,550,412,183,848,684,489.5,206
788,1770,558,459,181,936,941,474.5,206
713,1790,574,444,191,894,807,482,206
849,1730,584,474,190,999,863,438,207
775,1749,574,481,200,1000,834,434,207
729,1775,577,441,188,945,754,479,207
746,1797,547,443,200,939,791,477,207
646,1807,575,434,201,867,676,485.5,207
675,1810,574,456,199,926,742,478,207
805,1812,580,448,188,942,889,494,207
718,1833,582,457,196,982,762,492,207
518,1584,574,392,177,853,698,419,208
666,1667,576,434,183,928,810,433.5,208
597,1705,596,424,190,908,692,450.5,208
671,1733,562,463,193,952,732,442,208
747,1746,562,483,197,995,817,434.5,208
1032,1763,580,491,189,1111,1000,447,208
847,1774,558,478,184,1038,876,464,208
663,1787,564,440,188,854,741,485.5,208
731,1809,601,453,206,926,739,472,208
809,1809,572,489,196,1022,827,464,208
900,1818,593,500,189,1094,877,470,208
801,1824,580,474,185,1033,803,490,208
925,1868,577,454,198,1006,965,509,208
714,1876,552,461,194,907,734,513.5,208
696,1727,562,473,188,965,739,439,209
562,1791,561,396,184,795,642,513.5,209
805,1818,555,468,186,979,833,489,209
698,1820,570,434,193,938,763,500,209
600,1698,537,445,173,897,711,453.5,210
754,1723,569,481,194,972,781,427,210
799,1725,584,460,183,985,865,449.5,210
690,1748,562,473,191,989,761,446.5,210
680,1799,591,428,197,935,741,488.5,210
757,1828,575,440,193,1045,819,501,210
728,1829,568,445,202,932,772,490,210
640,1658,576,457,188,942,725,412.5,211
613,1739,559,450,181,886,714,463.5,211
822,1745,588,469,192,987,842,446,211
802,1783,569,464,193,945,848,466.5,211
767,1795,580,444,202,963,841,473.5,211
724,1795,563,465,193,962,758,472,211
724,1822,577,443,192,901,843,497.5,211
674,1718,568,435,189,899,726,452.5,212
633,1738,575,435,191,887,700,460.5,212
753,1739,571,464,176,990,810,461.5,212
687,1754,577,433,190,918,780,470.5,212
697,1770,554,454,190,928,775,468,212
803,1799,589,476,185,998,787,476.5,212
748,1853,579,446,205,938,763,498.5,212
664,1727,572,457,188,942,768,447,213
719,1729,580,464,188,952,818,444.5,213
720,1783,592,447,183,922,818,485,213
489,1574,549,419,173,832,657,404.5,214
708,1765,571,453,196,989,756,460,214
641,1781,564,481,188,955,686,462,214
982,1814,613,506,215,1058,911,439,214
832,1931,580,450,212,941,815,528.5,214
439,1571,530,393,179,822,625,410,215
618,1667,568,413,188,871,743,439,215
697,1696,567,448,191,952,793,433,215
670,1712,572,463,193,944,758,431.5,215
704,1712,560,447,189,912,774,443.5,215
541,1719,553,404,191,814,657,466.5,215
627,1748,585,443,184,914,718,468.5,215
699,1748,605,455,194,948,793,452.5,215
712,1751,579,449,200,928,774,451,215
780,1755,580,453,189,945,820,462,215
622,1763,560,427,188,880,685,480,215
787,1803,585,491,187,955,846,469,215
806,1851,572,449,216,967,795,485,215
528,1606,540,406,173,827,688,427,216
633,1671,569,429,181,924,757,440,216
569,1721,552,400,170,836,683,490.5,216
673,1732,576,431,194,886,772,456.5,216
612,1769,563,437,198,860,700,468,216
774,1800,587,450,202,947,772,473,216
915,1807,570,497,199,1048,896,456,216
610,1836,579,435,199,876,708,501.5,216
818,1868,573,502,192,1038,784,491,216
799,1681,557,449,182,987,911,434,217
714,1756,558,451,189,903,789,463.5,217
861,1769,566,483,197,1033,925,446,217
761,1777,568,465,189,998,756,467,217
817,1790,591,470,200,1020,820,460,217
734,1820,551,451,191,983,819,493.5,217
733,1836,575,459,185,936,770,503.5,217
813,1855,589,482,185,993,832,501.5,217
712,1880,558,441,194,916,762,525.5,217
671,1701,547,437,195,932,719,437,218
656,1755,574,438,187,922,703,471.5,218
845,1786,587,485,188,1008,871,462.5,218
760,1818,608,447,198,957,771,487.5,218
805,1853,584,468,193,998,832,499.5,218
730,1878,566,459,199,906,773,510.5,218
837,1884,571,492,208,1005,804,488,218
1123,1944,594,509,192,1075,1053,525.5,218
680,1744,568,453,183,917,779,462.5,219
588,1748,550,435,203,904,693,453.5,219
666,1768,571,454,187,985,701,470,219
913,1777,580,497,189,1061,931,451,219
936,1794,593,504,190,997,893,455,219
879,1804,578,469,187,997,876,480.5,219
725,1807,581,443,196,905,739,486,219
583,1675,551,401,187,891,721,450,220
881,1849,565,512,204,1038,842,464.5,220
813,1687,549,438,194,954,962,430.5,221
854,1805,593,504,191,997,822,459.5,221
678,1727,564,455,182,952,725,454,222
651,1728,564,449,191,918,740,448.5,223
701,1789,579,460,193,934,761,471.5,223
800,1866,607,487,198,937,805,491.5,223
713,1763,547,449,196,983,760,461,224
807,1864,583,464,202,956,854,498,224
817,1793,554,478,193,1005,826,464.5,225
907,1794,580,504,205,1001,944,440,225
796,1785,560,472,201,975,915,455.5,226
557,1711,542,432,192,885,680,447.5,230
635,1744,575,462,189,860,759,452,240